X_mm,Y_mm,Z_mm
0.09539208561182022,-0.15272735059261322,-1.481972336769104
0.0453568659722805,24.910036087036133,-1.135439157485962
24.98809051513672,24.97139549255371,-0.7005739212036133
0.024246158078312874,49.861507415771484,-0.11318441480398178
24.995742797851562,49.88167190551758,-0.4213455021381378
49.949432373046875,49.95671844482422,0.09930934756994247
74.99111938476562,49.961849212646484,0.12275849282741547
0.00842452421784401,74.8292236328125,-0.27724790573120117
24.99852180480957,74.83550262451172,-0.2283826768398285
49.992042541503906,74.90928649902344,0.29517310857772827
75.01184844970703,74.91265869140625,0.2625667452812195
100.02367401123047,74.92928314208984,0.2798227369785309
125.00037384033203,74.98435974121094,0.10704120993614197
150.0010986328125,74.93272399902344,-0.05577884241938591
175.05442810058594,75.01958465576172,0.20279721915721893
200.04847717285156,74.96990966796875,0.1885679066181183
-0.0033896861132234335,99.88021087646484,-0.20163971185684204
24.998197555541992,99.90585327148438,0.0784681886434555
49.98706817626953,99.88934326171875,0.09098947048187256
75.021484375,99.93949890136719,-0.07535268366336823
100.01557922363281,99.95449829101562,-0.20431798696517944
125.02922058105469,99.91250610351562,-0.3912258744239807
150.0103302001953,99.92161560058594,0.1794876903295517
175.11221313476562,99.89514923095703,-0.017886022105813026
200.03233337402344,99.948486328125,-0.6087349653244019
-0.043369803577661514,124.91970825195312,-0.1326873004436493
24.999486923217773,124.94910430908203,-0.1016119047999382
50.0318489074707,124.93638610839844,0.09938719868659973
75.03096008300781,124.90190124511719,-0.18691609799861908
100.03189086914062,124.90589904785156,-0.12297812104225159
125.04744720458984,124.88925170898438,-0.2117578685283661
150.0439910888672,124.8824691772461,0.170584574341774
175.09390258789062,124.84846496582031,-0.4325367510318756
200.04348754882812,124.83598327636719,-1.6575376987457275
0.5367880463600159,-0.07127617299556732,-6.530405521392822
0.39346009492874146,24.791536331176758,-5.0628204345703125
25.155908584594727,24.876096725463867,-3.5223021507263184
50.0483512878418,24.93304443359375,-2.1966967582702637
150.02452087402344,25.08554458618164,0.29505473375320435
174.824462890625,25.051294326782227,-0.9631877541542053
199.83151245117188,25.05145263671875,-0.8739060163497925
0.22062355279922485,49.712181091308594,-2.682642698287964
25.091083526611328,49.79692459106445,-2.2807958126068115
49.974830627441406,49.9123420715332,-0.5805487036705017
75.01573944091797,49.98078918457031,0.03802292048931122
100.0627670288086,50.0847053527832,0.999085545539856
125.11709594726562,50.07206344604492,1.6442054510116577
150.09898376464844,50.070884704589844,1.5579073429107666
175.1204376220703,50.04859924316406,0.5058479905128479
199.785400390625,49.95578384399414,-0.752334475517273
0.16398988664150238,74.67131042480469,-2.3912405967712402
24.967729568481445,74.88522338867188,-0.39737892150878906
50.0007438659668,74.91992950439453,0.12855811417102814
75.02330017089844,75.07866668701172,1.318589687347412
100.10694885253906,75.15406799316406,2.0619988441467285
125.18832397460938,75.25151062011719,2.601710796356201
150.23033142089844,75.13954162597656,1.9789541959762573
175.1745147705078,75.0914535522461,1.1791943311691284
200.0052032470703,74.89805603027344,-0.019426587969064713
-0.08321081846952438,99.95950317382812,-0.12100493162870407
24.947267532348633,100.05237579345703,0.7531214952468872
49.925941467285156,100.1537857055664,1.5451278686523438
75.03189086914062,100.34159851074219,2.4366793632507324
100.1347885131836,100.3953628540039,2.6354663372039795
125.29033660888672,100.43531799316406,3.044092893600464
150.33689880371094,100.33137512207031,3.138103485107422
175.512451171875,100.32581329345703,2.9510347843170166
200.0470733642578,99.91984558105469,-0.520817220211029
-0.15304528176784515,125.08975219726562,0.46964529156684875
24.797744750976562,125.4041519165039,2.1350419521331787
49.90314865112305,125.53327178955078,3.1024956703186035
75.0405502319336,125.53950500488281,2.976987838745117
100.19256591796875,125.63916778564453,3.711094856262207
125.34857940673828,125.71448516845703,4.093038558959961
150.41883850097656,125.52532958984375,3.537590503692627
175.5206298828125,125.43875885009766,2.6335597038269043
200.36500549316406,125.18047332763672,0.2826472222805023
0.4340894818305969,-0.06206372380256653,-4.51511287689209
25.256731033325195,-0.03934450447559357,-3.1030335426330566
50.11586380004883,-0.007816451601684093,-2.3327081203460693
0.24167439341545105,24.913074493408203,-2.6688239574432373
25.106101989746094,24.961851119995117,-1.7191288471221924
50.0526237487793,24.998640060424805,-0.7979472875595093
75.01283264160156,25.01889419555664,-0.46330392360687256
0.07320182770490646,49.93479537963867,-0.3835093379020691
25.034276962280273,49.97751998901367,-0.6729500889778137
75.00161743164062,49.98902130126953,-0.12034004926681519
-0.00480246264487505,75.00457763671875,0.06128375232219696
24.901165008544922,75.20317840576172,1.5511763095855713
49.9957275390625,74.98504638671875,0.4124003052711487
75.01719665527344,75.1632308959961,1.4933308362960815
100.03407287597656,75.09905242919922,1.1522146463394165
125.01451873779297,75.08625030517578,0.8864417672157288
149.9463348388672,74.90550994873047,-0.11999816447496414
174.90457153320312,74.87565612792969,-0.4402278959751129
199.46762084960938,74.53056335449219,-2.6852729320526123
-0.22308792173862457,100.36583709716797,1.9842462539672852
24.929332733154297,100.14718627929688,0.9862183332443237
49.91779327392578,100.30097198486328,1.9964098930358887
74.9940414428711,100.29964447021484,1.814095139503479
100.10797882080078,100.41295623779297,2.305711507797241
125.01578521728516,100.11233520507812,0.4888736605644226
149.82986450195312,99.78746032714844,-0.562079131603241
174.82040405273438,99.73873901367188,-1.0162396430969238
199.4402313232422,99.4105224609375,-3.4553489685058594
-0.2738439738750458,125.47465515136719,2.2065718173980713
24.75167465209961,125.73865509033203,3.481440544128418
49.893104553222656,125.68485260009766,3.429258346557617
74.995849609375,125.50750732421875,2.2999331951141357
100.04615783691406,125.37025451660156,1.8064428567886353
125.16682434082031,125.5040054321289,2.55298113822937
149.86648559570312,124.85640716552734,-0.2389850914478302
174.8518829345703,124.78097534179688,-1.0757936239242554
199.39511108398438,124.30389404296875,-4.330282211303711
